{
	"version": 1,
	"history":
	[
		{
			"tip_id": 2,
			"display_count": 1,
			"variants_seen": null
		},
		{
			"tip_id": 4,
			"display_count": 1,
			"variants_seen": null
		},
		{
			"tip_id": 7,
			"display_count": 20,
			"variants_seen":
			[
				5161,
				5047,
				5047,
				5244,
				5385,
				5465,
				5110,
				5195,
				5287,
				5385,
				5391,
				5144,
				5549,
				5161,
				5549,
				5144,
				5549,
				5385,
				5287,
				5144
			]
		},
		{
			"tip_id": 10,
			"display_count": 7,
			"variants_seen": null
		},
		{
			"tip_id": 12,
			"display_count": 10,
			"variants_seen": null
		},
		{
			"tip_id": 14,
			"display_count": 3,
			"variants_seen":
			[
				35,
				5,
				43
			]
		},
		{
			"tip_id": 300,
			"display_count": 1,
			"variants_seen": null
		},
		{
			"tip_id": 301,
			"display_count": 2,
			"variants_seen": null
		},
		{
			"tip_id": 307,
			"display_count": 1,
			"variants_seen": null
		},
		{
			"tip_id": 308,
			"display_count": 1,
			"variants_seen": null
		},
		{
			"tip_id": 312,
			"display_count": 2,
			"variants_seen": null
		},
		{
			"tip_id": 318,
			"display_count": 1,
			"variants_seen": null
		},
		{
			"tip_id": 401,
			"display_count": 1,
			"variants_seen": null
		},
		{
			"tip_id": 402,
			"display_count": 3,
			"variants_seen": null
		},
		{
			"tip_id": 403,
			"display_count": 1,
			"variants_seen": null
		},
		{
			"tip_id": 407,
			"display_count": 1,
			"variants_seen": null
		}
	]
}